filename,xmin,ymin,xmax,ymax
7.jpg,402.9897,391.51477,418.49564,405.54828
6.jpg,331.24634,211.62016,343.2683,230.82678
3.jpg,1230.4457,365.97083,1265.1024,390.28046
8.jpg,165.64647,647.1799,206.7875,695.1996
1.jpg,469.455,123.60414,482.46198,140.62582
9.jpg,0.0,0.0,0.0,0.0
5.jpg,522.4009,391.41815,535.29706,410.80984
2.jpg,912.648,476.7588,940.0949,517.3957
4.jpg,81.28261,373.9064,121.111015,415.13104
